Iteration, Fitness nach Rekombination, Fitness nach Mutation, Anzahl aktiver Knoten, Anteil aktiver Knoten
1, 0.375, 0.25, 48.351351351351354, 0.04379651
2, 0.25, 0.25, 50.554054054054056, 0.04579171
3, 0.25, 0.25, 55.54054054054054, 0.050308462
4, 0.25, 0.25, 66.6891891891892, 0.060406886
5, 0.25, 0.125, 59.513513513513516, 0.053907167
6, 0.125, 0.125, 32.689189189189186, 0.02960977
7, 0.125, 0.125, 33.87837837837838, 0.030686935
8, 0.125, 0.125, 32.33783783783784, 0.029291516
9, 0.125, 0.0, 33.75675675675676, 0.030576767
